instance,timestamp,cpu_usage,memory_usage,network_usage,wattage,num_processes,process_wattage,processes
knode1,2023-11-13 14:38:54.426413,0,0.4322357191650854,0,483712.0,2,60834.0,"[('teastore-image-0', 27219.0), ('teastore-webui-0', 33615.0)]"
knode2,2023-11-13 14:38:54.426416,0,0.3618524186122847,0,1051820.0,5,108131.0,"[('teastore-persistence-0', 16860.0), ('teastore-auth-0', 41502.0), ('teastore-recommender-0', 35017.0), ('teastore-registry-0', 14266.0), ('teastore-db-0', 486.0)]"
knode1,2023-11-13 14:39:04.489809,0,0.4277075066413662,0,390400.0,2,288171.0,"[('teastore-image-0', 94838.0), ('teastore-webui-0', 193333.0)]"
knode2,2023-11-13 14:39:04.489812,0,0.3618524186122847,0,1051820.0,5,108131.0,"[('teastore-persistence-0', 16860.0), ('teastore-auth-0', 41502.0), ('teastore-recommender-0', 35017.0), ('teastore-registry-0', 14266.0), ('teastore-db-0', 486.0)]"
knode1,2023-11-13 14:39:14.555301,0,0.4277075066413662,0,390400.0,2,288171.0,"[('teastore-image-0', 94838.0), ('teastore-webui-0', 193333.0)]"
knode1,2023-11-13 14:39:24.625601,0,0.4277075066413662,0,390400.0,2,288171.0,"[('teastore-image-0', 94838.0), ('teastore-webui-0', 193333.0)]"
knode2,2023-11-13 14:39:24.625603,0,0.3613992820990354,0,503444.0,5,381628.0,"[('teastore-persistence-0', 200017.0), ('teastore-auth-0', 98313.0), ('teastore-recommender-0', 61183.0), ('teastore-registry-0', 19533.0), ('teastore-db-0', 2582.0)]"
knode1,2023-11-13 14:39:34.746558,0,0.4262096394686907,0,163716.0,2,314268.0,"[('teastore-image-0', 88736.0), ('teastore-webui-0', 225532.0)]"
knode2,2023-11-13 14:39:34.746560,0,0.3613992820990354,0,503444.0,5,381628.0,"[('teastore-persistence-0', 200017.0), ('teastore-auth-0', 98313.0), ('teastore-recommender-0', 61183.0), ('teastore-registry-0', 19533.0), ('teastore-db-0', 2582.0)]"
knode1,2023-11-13 14:39:44.828622,0,0.4262096394686907,0,163716.0,2,314268.0,"[('teastore-image-0', 88736.0), ('teastore-webui-0', 225532.0)]"
knode1,2023-11-13 14:39:54.897283,0,0.4262096394686907,0,163716.0,2,314268.0,"[('teastore-image-0', 88736.0), ('teastore-webui-0', 225532.0)]"
knode2,2023-11-13 14:39:54.897286,0,0.3598108680848497,0,1276736.0,5,223729.0,"[('teastore-persistence-0', 110041.0), ('teastore-auth-0', 46617.0), ('teastore-recommender-0', 52008.0), ('teastore-registry-0', 13002.0), ('teastore-db-0', 2061.0)]"
knode1,2023-11-13 14:40:04.961358,0,0.42586656546489565,0,737236.0,2,176515.0,"[('teastore-image-0', 52098.0), ('teastore-webui-0', 124417.0)]"
knode2,2023-11-13 14:40:04.961360,0,0.3598108680848497,0,1276736.0,5,223729.0,"[('teastore-persistence-0', 110041.0), ('teastore-auth-0', 46617.0), ('teastore-recommender-0', 52008.0), ('teastore-registry-0', 13002.0), ('teastore-db-0', 2061.0)]"
knode1,2023-11-13 14:40:15.026457,0,0.42586656546489565,0,737236.0,2,176515.0,"[('teastore-image-0', 52098.0), ('teastore-webui-0', 124417.0)]"
knode1,2023-11-13 14:40:25.097930,0,0.42586656546489565,0,737236.0,2,176515.0,"[('teastore-image-0', 52098.0), ('teastore-webui-0', 124417.0)]"
knode2,2023-11-13 14:40:25.097933,0,0.3595120459252345,0,62408.0,5,214719.0,"[('teastore-persistence-0', 109213.0), ('teastore-auth-0', 57517.0), ('teastore-recommender-0', 34934.0), ('teastore-registry-0', 10762.0), ('teastore-db-0', 2293.0)]"
knode1,2023-11-13 14:40:35.162766,0,0.4257811916508539,0,667498.0,2,130610.0,"[('teastore-image-0', 38990.0), ('teastore-webui-0', 91620.0)]"
knode2,2023-11-13 14:40:35.162769,0,0.3595120459252345,0,62408.0,5,214719.0,"[('teastore-persistence-0', 109213.0), ('teastore-auth-0', 57517.0), ('teastore-recommender-0', 34934.0), ('teastore-registry-0', 10762.0), ('teastore-db-0', 2293.0)]"
knode1,2023-11-13 14:40:45.227986,0,0.4257811916508539,0,667498.0,2,130610.0,"[('teastore-image-0', 38990.0), ('teastore-webui-0', 91620.0)]"
knode1,2023-11-13 14:40:55.294084,0,0.4257811916508539,0,667498.0,2,130610.0,"[('teastore-image-0', 38990.0), ('teastore-webui-0', 91620.0)]"
knode2,2023-11-13 14:40:55.294085,0,0.3589402440177438,0,1109916.0,5,112570.0,"[('teastore-persistence-0', 37187.0), ('teastore-auth-0', 40889.0), ('teastore-recommender-0', 24399.0), ('teastore-registry-0', 8413.0), ('teastore-db-0', 1682.0)]"
knode1,2023-11-13 14:41:05.394008,0,0.426061844402277,0,533254.0000000001,2,72715.0,"[('teastore-image-0', 25915.0), ('teastore-webui-0', 46800.0)]"
knode2,2023-11-13 14:41:05.394010,0,0.3589402440177438,0,1109916.0,5,112570.0,"[('teastore-persistence-0', 37187.0), ('teastore-auth-0', 40889.0), ('teastore-recommender-0', 24399.0), ('teastore-registry-0', 8413.0), ('teastore-db-0', 1682.0)]"
knode1,2023-11-13 14:41:15.462939,0,0.426061844402277,0,533254.0,2,72715.0,"[('teastore-image-0', 25915.0), ('teastore-webui-0', 46800.0)]"
knode1,2023-11-13 14:41:25.535936,0,0.426061844402277,0,533254.0,2,72715.0,"[('teastore-image-0', 25915.0), ('teastore-webui-0', 46800.0)]"
knode2,2023-11-13 14:41:25.535939,0,0.3586604181894313,0,150462.0,5,196964.0,"[('teastore-persistence-0', 105914.0), ('teastore-auth-0', 41169.0), ('teastore-recommender-0', 34849.0), ('teastore-registry-0', 12641.0), ('teastore-db-0', 2391.0)]"
knode1,2023-11-13 14:41:35.600335,0,0.4246651385199241,0,216298.0,2,187903.0,"[('teastore-image-0', 73540.0), ('teastore-webui-0', 114363.0)]"
knode2,2023-11-13 14:41:35.600337,0,0.3586604181894313,0,150462.0,5,196964.0,"[('teastore-persistence-0', 105914.0), ('teastore-auth-0', 41169.0), ('teastore-recommender-0', 34849.0), ('teastore-registry-0', 12641.0), ('teastore-db-0', 2391.0)]"
knode1,2023-11-13 14:41:45.668660,0,0.4246651385199241,0,216298.0,2,187903.0,"[('teastore-image-0', 73540.0), ('teastore-webui-0', 114363.0)]"
knode1,2023-11-13 14:41:55.778399,0,0.4246651385199241,0,216298.0,2,187903.0,"[('teastore-image-0', 73540.0), ('teastore-webui-0', 114363.0)]"
knode2,2023-11-13 14:41:55.778408,0,0.3581337017305843,0,3190.000000000001,5,212313.0,"[('teastore-persistence-0', 119535.0), ('teastore-auth-0', 39427.0), ('teastore-recommender-0', 39584.0), ('teastore-registry-0', 9387.0), ('teastore-db-0', 4380.0)]"
knode1,2023-11-13 14:42:05.883810,0,0.42426037191650856,0,74462.00000000001,2,186286.0,"[('teastore-image-0', 56769.0), ('teastore-webui-0', 129517.0)]"
knode2,2023-11-13 14:42:05.883819,0,0.3581337017305843,0,3190.0,5,212313.0,"[('teastore-persistence-0', 119535.0), ('teastore-auth-0', 39427.0), ('teastore-recommender-0', 39584.0), ('teastore-registry-0', 9387.0), ('teastore-db-0', 4380.0)]"
knode1,2023-11-13 14:42:15.956424,0,0.42426037191650856,0,74462.0,2,186286.0,"[('teastore-image-0', 56769.0), ('teastore-webui-0', 129517.0)]"
knode1,2023-11-13 14:42:26.036133,0,0.42426037191650856,0,74462.0,2,186286.0,"[('teastore-image-0', 56769.0), ('teastore-webui-0', 129517.0)]"
knode2,2023-11-13 14:42:26.036143,0,0.35817194109879097,0,157840.0,5,247445.0,"[('teastore-persistence-0', 114853.0), ('teastore-auth-0', 58524.0), ('teastore-recommender-0', 61084.0), ('teastore-registry-0', 8229.0), ('teastore-db-0', 4755.0)]"
knode1,2023-11-13 14:42:36.103090,0,0.4244591726755218,0,784676.0,2,179181.0,"[('teastore-image-0', 69582.0), ('teastore-webui-0', 109599.0)]"
knode2,2023-11-13 14:42:36.103093,0,0.35817194109879097,0,157840.0,5,247445.0,"[('teastore-persistence-0', 114853.0), ('teastore-auth-0', 58524.0), ('teastore-recommender-0', 61084.0), ('teastore-registry-0', 8229.0), ('teastore-db-0', 4755.0)]"
knode1,2023-11-13 14:42:46.169273,0,0.4244591726755218,0,784676.0,2,179181.0,"[('teastore-image-0', 69582.0), ('teastore-webui-0', 109599.0)]"
knode1,2023-11-13 14:42:56.237992,0,0.4244591726755218,0,784676.0,2,179181.0,"[('teastore-image-0', 69582.0), ('teastore-webui-0', 109599.0)]"
knode2,2023-11-13 14:42:56.238001,0,0.3570456066759029,0,1158828.0,5,137184.0,"[('teastore-persistence-0', 53007.0), ('teastore-auth-0', 33004.0), ('teastore-recommender-0', 38505.0), ('teastore-registry-0', 10001.0), ('teastore-db-0', 2667.0)]"
knode1,2023-11-13 14:43:06.303497,0,0.42540496394686905,0,554300.0,2,60094.0,"[('teastore-image-0', 24297.0), ('teastore-webui-0', 35797.0)]"
knode2,2023-11-13 14:43:06.303499,0,0.3570456066759029,0,1158828.0,5,137184.0,"[('teastore-persistence-0', 53007.0), ('teastore-auth-0', 33004.0), ('teastore-recommender-0', 38505.0), ('teastore-registry-0', 10001.0), ('teastore-db-0', 2667.0)]"
knode1,2023-11-13 14:43:16.404158,0,0.42540496394686905,0,554300.0,2,60094.0,"[('teastore-image-0', 24297.0), ('teastore-webui-0', 35797.0)]"
knode1,2023-11-13 14:43:26.478117,0,0.42540496394686905,0,554300.0,2,60094.0,"[('teastore-image-0', 24297.0), ('teastore-webui-0', 35797.0)]"
knode2,2023-11-13 14:43:26.478119,0,0.3576656395284543,0,1126662.0,5,119365.0,"[('teastore-persistence-0', 49212.0), ('teastore-auth-0', 39963.0), ('teastore-recommender-0', 20767.0), ('teastore-registry-0', 7155.0), ('teastore-db-0', 2268.0)]"
knode1,2023-11-13 14:43:36.544270,0,0.424488440227704,0,84238.0,2,113694.0,"[('teastore-image-0', 37261.0), ('teastore-webui-0', 76433.0)]"
knode2,2023-11-13 14:43:36.544272,0,0.3576656395284543,0,1126662.0,5,119365.0,"[('teastore-persistence-0', 49212.0), ('teastore-auth-0', 39963.0), ('teastore-recommender-0', 20767.0), ('teastore-registry-0', 7155.0), ('teastore-db-0', 2268.0)]"
knode1,2023-11-13 14:43:46.625880,0,0.424488440227704,0,84238.0,2,113694.0,"[('teastore-image-0', 37261.0), ('teastore-webui-0', 76433.0)]"
knode1,2023-11-13 14:43:56.727637,0,0.42331482352941174,0,84238.0,2,113694.0,"[('teastore-image-0', 37261.0), ('teastore-webui-0', 76433.0)]"
knode2,2023-11-13 14:43:56.727640,0,0.35708674483492525,0,1100990.0,5,147725.0,"[('teastore-persistence-0', 69682.0), ('teastore-auth-0', 37938.0), ('teastore-recommender-0', 28802.0), ('teastore-registry-0', 7123.0), ('teastore-db-0', 4180.0)]"
knode1,2023-11-13 14:44:06.799034,0,0.42331482352941174,0,167706.0,2,173947.0,"[('teastore-image-0', 51754.0), ('teastore-webui-0', 122193.0)]"
knode2,2023-11-13 14:44:06.799037,0,0.35708674483492525,0,1100990.0,5,147725.0,"[('teastore-persistence-0', 69682.0), ('teastore-auth-0', 37938.0), ('teastore-recommender-0', 28802.0), ('teastore-registry-0', 7123.0), ('teastore-db-0', 4180.0)]"
knode1,2023-11-13 14:44:16.865774,0,0.42331482352941174,0,167706.0,2,173947.0,"[('teastore-image-0', 51754.0), ('teastore-webui-0', 122193.0)]"
knode1,2023-11-13 14:44:26.933909,0,0.4229587552182163,0,167706.0,2,173947.0,"[('teastore-image-0', 51754.0), ('teastore-webui-0', 122193.0)]"
knode2,2023-11-13 14:44:26.933911,0,0.35706614491721395,0,238616.0,5,208396.0,"[('teastore-persistence-0', 97403.0), ('teastore-auth-0', 49311.0), ('teastore-recommender-0', 42516.0), ('teastore-registry-0', 12545.0), ('teastore-db-0', 6621.0)]"
knode1,2023-11-13 14:44:37.020278,0,0.4229587552182163,0,99316.0,2,216999.0,"[('teastore-image-0', 57727.0), ('teastore-webui-0', 159272.0)]"
knode2,2023-11-13 14:44:37.020280,0,0.35706614491721395,0,238616.0,5,208396.0,"[('teastore-persistence-0', 97403.0), ('teastore-auth-0', 49311.0), ('teastore-recommender-0', 42516.0), ('teastore-registry-0', 12545.0), ('teastore-db-0', 6621.0)]"
knode1,2023-11-13 14:44:47.088619,0,0.4229587552182163,0,99316.0,2,216999.0,"[('teastore-image-0', 57727.0), ('teastore-webui-0', 159272.0)]"
knode1,2023-11-13 14:44:57.159328,0,0.4249136091081594,0,99316.0,2,216999.0,"[('teastore-image-0', 57727.0), ('teastore-webui-0', 159272.0)]"
knode2,2023-11-13 14:44:57.159331,0,0.3567040427708567,0,1236912.0,5,178294.0,"[('teastore-persistence-0', 70709.0), ('teastore-auth-0', 66480.0), ('teastore-recommender-0', 30618.0), ('teastore-registry-0', 6089.0), ('teastore-db-0', 4398.0)]"
knode1,2023-11-13 14:45:07.260135,0,0.4249136091081594,0,500554.0000000001,2,51472.0,"[('teastore-image-0', 16627.0), ('teastore-webui-0', 34845.0)]"
knode2,2023-11-13 14:45:07.260137,0,0.3567040427708567,0,1236912.0,5,178294.0,"[('teastore-persistence-0', 70709.0), ('teastore-auth-0', 66480.0), ('teastore-recommender-0', 30618.0), ('teastore-registry-0', 6089.0), ('teastore-db-0', 4398.0)]"
knode1,2023-11-13 14:45:17.328606,0,0.4249136091081594,0,500554.0,2,51472.0,"[('teastore-image-0', 16627.0), ('teastore-webui-0', 34845.0)]"
knode1,2023-11-13 14:45:27.430113,0,0.4241833776091082,0,500554.0,2,51472.0,"[('teastore-image-0', 16627.0), ('teastore-webui-0', 34845.0)]"
knode2,2023-11-13 14:45:27.430115,0,0.35719757732632434,0,1119482.0,5,106266.0,"[('teastore-persistence-0', 54966.0), ('teastore-auth-0', 22536.0), ('teastore-recommender-0', 16489.0), ('teastore-registry-0', 9710.0), ('teastore-db-0', 2565.0)]"
knode1,2023-11-13 14:45:37.498232,0,0.4241833776091082,0,120138.0,2,98943.0,"[('teastore-image-0', 28476.0), ('teastore-webui-0', 70467.0)]"
knode2,2023-11-13 14:45:37.498234,0,0.35719757732632434,0,1119482.0,5,106266.0,"[('teastore-persistence-0', 54966.0), ('teastore-auth-0', 22536.0), ('teastore-recommender-0', 16489.0), ('teastore-registry-0', 9710.0), ('teastore-db-0', 2565.0)]"
knode1,2023-11-13 14:45:47.566081,0,0.4241833776091082,0,120138.0,2,98943.0,"[('teastore-image-0', 28476.0), ('teastore-webui-0', 70467.0)]"
knode1,2023-11-13 14:45:57.669802,0,0.4234402732447818,0,120138.0,2,98943.0,"[('teastore-image-0', 28476.0), ('teastore-webui-0', 70467.0)]"
knode2,2023-11-13 14:45:57.669806,0,0.35581559422405445,0,45230.0,5,163174.0,"[('teastore-persistence-0', 89242.0), ('teastore-auth-0', 34198.0), ('teastore-recommender-0', 29476.0), ('teastore-registry-0', 5699.0), ('teastore-db-0', 4559.0)]"
knode1,2023-11-13 14:46:07.736769,0,0.4234402732447818,0,138956.0,2,158329.0,"[('teastore-image-0', 41832.0), ('teastore-webui-0', 116497.0)]"
knode2,2023-11-13 14:46:07.736771,0,0.35581559422405445,0,45230.0,5,163174.0,"[('teastore-persistence-0', 89242.0), ('teastore-auth-0', 34198.0), ('teastore-recommender-0', 29476.0), ('teastore-registry-0', 5699.0), ('teastore-db-0', 4559.0)]"
knode1,2023-11-13 14:46:17.805120,0,0.4234402732447818,0,138956.0,2,158329.0,"[('teastore-image-0', 41832.0), ('teastore-webui-0', 116497.0)]"
knode2,2023-11-13 14:46:17.805122,0,0.3578853308664418,0,172384.0,5,189558.0,"[('teastore-persistence-0', 100621.0), ('teastore-auth-0', 34859.0), ('teastore-recommender-0', 39193.0), ('teastore-registry-0', 8856.0), ('teastore-db-0', 6029.0)]"
knode1,2023-11-13 14:46:27.897384,0,0.42353317647058825,0,138956.0,2,158329.0,"[('teastore-image-0', 41832.0), ('teastore-webui-0', 116497.0)]"
knode2,2023-11-13 14:46:27.897394,0,0.3578853308664418,0,172384.00000000003,5,189558.0,"[('teastore-persistence-0', 100621.0), ('teastore-auth-0', 34859.0), ('teastore-recommender-0', 39193.0), ('teastore-registry-0', 8856.0), ('teastore-db-0', 6029.0)]"
knode1,2023-11-13 14:46:37.966180,0,0.42353317647058825,0,745210.0,2,151452.0,"[('teastore-image-0', 44758.0), ('teastore-webui-0', 106694.0)]"
knode2,2023-11-13 14:46:37.966183,0,0.3578853308664418,0,172384.0,5,189558.0,"[('teastore-persistence-0', 100621.0), ('teastore-auth-0', 34859.0), ('teastore-recommender-0', 39193.0), ('teastore-registry-0', 8856.0), ('teastore-db-0', 6029.0)]"
knode1,2023-11-13 14:46:48.045361,0,0.42353317647058825,0,745210.0,2,151452.0,"[('teastore-image-0', 44758.0), ('teastore-webui-0', 106694.0)]"
knode2,2023-11-13 14:46:48.045364,0,0.35680062801377876,0,1056070.0,5,90683.0,"[('teastore-persistence-0', 49073.0), ('teastore-auth-0', 16081.0), ('teastore-recommender-0', 17407.0), ('teastore-registry-0', 4807.0), ('teastore-db-0', 3315.0)]"
knode1,2023-11-13 14:46:58.109904,0,0.42518503225806453,0,745210.0,2,151452.0,"[('teastore-image-0', 44758.0), ('teastore-webui-0', 106694.0)]"
knode2,2023-11-13 14:46:58.109906,0,0.35680062801377876,0,1056070.0,5,90683.0,"[('teastore-persistence-0', 49073.0), ('teastore-auth-0', 16081.0), ('teastore-recommender-0', 17407.0), ('teastore-registry-0', 4807.0), ('teastore-db-0', 3315.0)]"
knode1,2023-11-13 14:47:08.177117,0,0.42518503225806453,0,557438.0,2,54014.0,"[('teastore-image-0', 21107.0), ('teastore-webui-0', 32907.0)]"
knode2,2023-11-13 14:47:08.177119,0,0.35680062801377876,0,1056070.0,5,90683.0,"[('teastore-persistence-0', 49073.0), ('teastore-auth-0', 16081.0), ('teastore-recommender-0', 17407.0), ('teastore-registry-0', 4807.0), ('teastore-db-0', 3315.0)]"
knode1,2023-11-13 14:47:18.280346,0,0.42518503225806453,0,557438.0,2,54014.0,"[('teastore-image-0', 21107.0), ('teastore-webui-0', 32907.0)]"
knode2,2023-11-13 14:47:18.280348,0,0.356622136511214,0,43876.0,5,84523.0,"[('teastore-persistence-0', 30028.0), ('teastore-auth-0', 21316.0), ('teastore-recommender-0', 23541.0), ('teastore-registry-0', 7229.0), ('teastore-db-0', 2409.0)]"
knode1,2023-11-13 14:47:28.348130,0,0.4241368652751423,0,557438.0,2,54014.0,"[('teastore-image-0', 21107.0), ('teastore-webui-0', 32907.0)]"
knode2,2023-11-13 14:47:28.348133,0,0.356622136511214,0,43876.0,5,84523.0,"[('teastore-persistence-0', 30028.0), ('teastore-auth-0', 21316.0), ('teastore-recommender-0', 23541.0), ('teastore-registry-0', 7229.0), ('teastore-db-0', 2409.0)]"
knode1,2023-11-13 14:47:38.417500,0,0.4241368652751423,0,44792.0,2,98036.0,"[('teastore-image-0', 26056.0), ('teastore-webui-0', 71980.0)]"
knode2,2023-11-13 14:47:38.417503,0,0.356622136511214,0,43876.0,5,84523.0,"[('teastore-persistence-0', 30028.0), ('teastore-auth-0', 21316.0), ('teastore-recommender-0', 23541.0), ('teastore-registry-0', 7229.0), ('teastore-db-0', 2409.0)]"
knode1,2023-11-13 14:47:48.489005,0,0.4241368652751423,0,44792.0,2,98036.0,"[('teastore-image-0', 26056.0), ('teastore-webui-0', 71980.0)]"
knode2,2023-11-13 14:47:48.489007,0,0.35576606807458677,0,17068.0,5,128292.0,"[('teastore-persistence-0', 61052.0), ('teastore-auth-0', 20406.0), ('teastore-recommender-0', 29606.0), ('teastore-registry-0', 12712.0), ('teastore-db-0', 4516.0)]"
knode1,2023-11-13 14:47:58.591299,0,0.4232921138519924,0,44792.0,2,98036.0,"[('teastore-image-0', 26056.0), ('teastore-webui-0', 71980.0)]"
knode2,2023-11-13 14:47:58.591301,0,0.35576606807458677,0,17068.0,5,128292.0,"[('teastore-persistence-0', 61052.0), ('teastore-auth-0', 20406.0), ('teastore-recommender-0', 29606.0), ('teastore-registry-0', 12712.0), ('teastore-db-0', 4516.0)]"
knode1,2023-11-13 14:48:08.660442,0,0.4232921138519924,0,139488.0,2,144101.0,"[('teastore-image-0', 38738.0), ('teastore-webui-0', 105363.0)]"
knode2,2023-11-13 14:48:08.660444,0,0.35576606807458677,0,17068.0,5,128292.0,"[('teastore-persistence-0', 61052.0), ('teastore-auth-0', 20406.0), ('teastore-recommender-0', 29606.0), ('teastore-registry-0', 12712.0), ('teastore-db-0', 4516.0)]"
knode1,2023-11-13 14:48:18.727941,0,0.4232921138519924,0,139488.0,2,144101.0,"[('teastore-image-0', 38738.0), ('teastore-webui-0', 105363.0)]"
knode2,2023-11-13 14:48:18.727944,0,0.3557890733719111,0,146186.0,5,163531.0,"[('teastore-persistence-0', 74464.0), ('teastore-auth-0', 34437.0), ('teastore-recommender-0', 41108.0), ('teastore-registry-0', 8113.0), ('teastore-db-0', 5409.0)]"
knode1,2023-11-13 14:48:28.798690,0,0.4235294117647059,0,139488.0,2,144101.0,"[('teastore-image-0', 38738.0), ('teastore-webui-0', 105363.0)]"
knode2,2023-11-13 14:48:28.798692,0,0.3557890733719111,0,146186.0,5,163531.0,"[('teastore-persistence-0', 74464.0), ('teastore-auth-0', 34437.0), ('teastore-recommender-0', 41108.0), ('teastore-registry-0', 8113.0), ('teastore-db-0', 5409.0)]"
knode1,2023-11-13 14:48:38.887983,0,0.4235294117647059,0,727248.0,2,136137.0,"[('teastore-image-0', 38593.0), ('teastore-webui-0', 97544.0)]"
knode2,2023-11-13 14:48:38.887985,0,0.3557890733719111,0,146186.0,5,163531.0,"[('teastore-persistence-0', 74464.0), ('teastore-auth-0', 34437.0), ('teastore-recommender-0', 41108.0), ('teastore-registry-0', 8113.0), ('teastore-db-0', 5409.0)]"
knode1,2023-11-13 14:48:48.958714,0,0.4235294117647059,0,727248.0,2,136137.0,"[('teastore-image-0', 38593.0), ('teastore-webui-0', 97544.0)]"
knode2,2023-11-13 14:48:48.958716,0,0.3549032152339229,0,1059654.0,5,96099.0,"[('teastore-persistence-0', 43575.0), ('teastore-auth-0', 19591.0), ('teastore-recommender-0', 24827.0), ('teastore-registry-0', 4897.0), ('teastore-db-0', 3209.0)]"
knode1,2023-11-13 14:48:59.028295,0,0.4249449411764706,0,727248.0,2,136137.0,"[('teastore-image-0', 38593.0), ('teastore-webui-0', 97544.0)]"
knode2,2023-11-13 14:48:59.028297,0,0.3549032152339229,0,1059654.0,5,96099.0,"[('teastore-persistence-0', 43575.0), ('teastore-auth-0', 19591.0), ('teastore-recommender-0', 24827.0), ('teastore-registry-0', 4897.0), ('teastore-db-0', 3209.0)]"
knode1,2023-11-13 14:49:09.103558,0,0.4249449411764706,0,535442.0,2,49430.0,"[('teastore-image-0', 13933.0), ('teastore-webui-0', 35497.0)]"
knode2,2023-11-13 14:49:09.103567,0,0.3549032152339229,0,1059654.0,5,96099.0,"[('teastore-persistence-0', 43575.0), ('teastore-auth-0', 19591.0), ('teastore-recommender-0', 24827.0), ('teastore-registry-0', 4897.0), ('teastore-db-0', 3209.0)]"
knode1,2023-11-13 14:49:19.187866,0,0.4249449411764706,0,535442.0,2,49430.0,"[('teastore-image-0', 13933.0), ('teastore-webui-0', 35497.0)]"
knode2,2023-11-13 14:49:19.187875,0,0.35540655633704354,0,57576.0,5,99250.0,"[('teastore-persistence-0', 33944.0), ('teastore-auth-0', 18817.0), ('teastore-recommender-0', 28041.0), ('teastore-registry-0', 15681.0), ('teastore-db-0', 2767.0)]"
knode1,2023-11-13 14:49:29.255314,0,0.42395713092979126,0,535442.0,2,49430.0,"[('teastore-image-0', 13933.0), ('teastore-webui-0', 35497.0)]"
knode2,2023-11-13 14:49:29.255316,0,0.35540655633704354,0,57576.0,5,99250.0,"[('teastore-persistence-0', 33944.0), ('teastore-auth-0', 18817.0), ('teastore-recommender-0', 28041.0), ('teastore-registry-0', 15681.0), ('teastore-db-0', 2767.0)]"
knode1,2023-11-13 14:49:39.324391,0,0.42395713092979126,0,94768.0,2,94946.0,"[('teastore-image-0', 30581.0), ('teastore-webui-0', 64365.0)]"
knode2,2023-11-13 14:49:39.324395,0,0.35540655633704354,0,57576.0,5,99250.0,"[('teastore-persistence-0', 33944.0), ('teastore-auth-0', 18817.0), ('teastore-recommender-0', 28041.0), ('teastore-registry-0', 15681.0), ('teastore-db-0', 2767.0)]"
knode1,2023-11-13 14:49:49.464401,0,0.42395713092979126,0,94768.0,2,94946.0,"[('teastore-image-0', 30581.0), ('teastore-webui-0', 64365.0)]"
knode2,2023-11-13 14:49:49.464404,0,0.35419412165929004,0,15896.0,5,125097.0,"[('teastore-persistence-0', 62721.0), ('teastore-auth-0', 23779.0), ('teastore-recommender-0', 26191.0), ('teastore-registry-0', 7754.0), ('teastore-db-0', 4652.0)]"
knode2,2023-11-13 14:49:59.562762,0,0.35419412165929004,0,15896.0,5,125097.0,"[('teastore-persistence-0', 62721.0), ('teastore-auth-0', 23779.0), ('teastore-recommender-0', 26191.0), ('teastore-registry-0', 7754.0), ('teastore-db-0', 4652.0)]"
knode1,2023-11-13 14:50:09.667175,0,0.42349297912713474,0,121228.0,2,138972.0,"[('teastore-image-0', 44410.0), ('teastore-webui-0', 94562.0)]"
knode2,2023-11-13 14:50:09.667177,0,0.35419412165929004,0,15896.0,5,125097.0,"[('teastore-persistence-0', 62721.0), ('teastore-auth-0', 23779.0), ('teastore-recommender-0', 26191.0), ('teastore-registry-0', 7754.0), ('teastore-db-0', 4652.0)]"
knode1,2023-11-13 14:50:19.738870,0,0.42349297912713474,0,121228.0,2,138972.0,"[('teastore-image-0', 44410.0), ('teastore-webui-0', 94562.0)]"
knode2,2023-11-13 14:50:19.738873,0,0.35600426233267424,0,82782.0,5,143618.0,"[('teastore-persistence-0', 67648.0), ('teastore-auth-0', 33824.0), ('teastore-recommender-0', 32053.0), ('teastore-registry-0', 4958.0), ('teastore-db-0', 5135.0)]"
knode2,2023-11-13 14:50:29.806070,0,0.35600426233267424,0,82782.0,5,143618.0,"[('teastore-persistence-0', 67648.0), ('teastore-auth-0', 33824.0), ('teastore-recommender-0', 32053.0), ('teastore-registry-0', 4958.0), ('teastore-db-0', 5135.0)]"
knode1,2023-11-13 14:50:39.876957,0,0.4236167286527514,0,711550.0000000001,2,129579.0,"[('teastore-image-0', 36997.0), ('teastore-webui-0', 92582.0)]"
knode2,2023-11-13 14:50:39.876959,0,0.35600426233267424,0,82782.0,5,143618.0,"[('teastore-persistence-0', 67648.0), ('teastore-auth-0', 33824.0), ('teastore-recommender-0', 32053.0), ('teastore-registry-0', 4958.0), ('teastore-db-0', 5135.0)]"
knode1,2023-11-13 14:50:49.949104,0,0.4236167286527514,0,711550.0,2,129579.0,"[('teastore-image-0', 36997.0), ('teastore-webui-0', 92582.0)]"
knode2,2023-11-13 14:50:49.949106,0,0.355082693558893,0,919540.0,5,69681.0,"[('teastore-persistence-0', 35366.0), ('teastore-auth-0', 13936.0), ('teastore-recommender-0', 12288.0), ('teastore-registry-0', 5394.0), ('teastore-db-0', 2697.0)]"
knode2,2023-11-13 14:51:00.026079,0,0.355082693558893,0,919540.0,5,69681.0,"[('teastore-persistence-0', 35366.0), ('teastore-auth-0', 13936.0), ('teastore-recommender-0', 12288.0), ('teastore-registry-0', 5394.0), ('teastore-db-0', 2697.0)]"
knode1,2023-11-13 14:51:10.096661,0,0.4248853130929791,0,429816.0,2,34129.0,"[('teastore-image-0', 11099.0), ('teastore-webui-0', 23030.0)]"
knode2,2023-11-13 14:51:10.096663,0,0.355082693558893,0,919540.0,5,69681.0,"[('teastore-persistence-0', 35366.0), ('teastore-auth-0', 13936.0), ('teastore-recommender-0', 12288.0), ('teastore-registry-0', 5394.0), ('teastore-db-0', 2697.0)]"
knode1,2023-11-13 14:51:20.167552,0,0.4248853130929791,0,429816.0,2,34129.0,"[('teastore-image-0', 11099.0), ('teastore-webui-0', 23030.0)]"
knode2,2023-11-13 14:51:20.167555,0,0.355155039976484,0,131204.0,5,70955.0,"[('teastore-persistence-0', 25085.0), ('teastore-auth-0', 16664.0), ('teastore-recommender-0', 19352.0), ('teastore-registry-0', 8421.0), ('teastore-db-0', 1433.0)]"
knode2,2023-11-13 14:51:30.234647,0,0.355155039976484,0,131204.0,5,70955.0,"[('teastore-persistence-0', 25085.0), ('teastore-auth-0', 16664.0), ('teastore-recommender-0', 19352.0), ('teastore-registry-0', 8421.0), ('teastore-db-0', 1433.0)]"
knode1,2023-11-13 14:51:40.305880,0,0.42515576470588234,0,48318.0,2,37029.0,"[('teastore-image-0', 11531.0), ('teastore-webui-0', 25498.0)]"
knode2,2023-11-13 14:51:40.305882,0,0.355155039976484,0,131204.0,5,70955.0,"[('teastore-persistence-0', 25085.0), ('teastore-auth-0', 16664.0), ('teastore-recommender-0', 19352.0), ('teastore-registry-0', 8421.0), ('teastore-db-0', 1433.0)]"
knode1,2023-11-13 14:51:50.378052,0,0.42515576470588234,0,48318.0,2,37029.0,"[('teastore-image-0', 11531.0), ('teastore-webui-0', 25498.0)]"
knode2,2023-11-13 14:51:50.378054,0,0.3542503705363941,0,948620.0000000002,5,47104.0,"[('teastore-persistence-0', 19263.0), ('teastore-auth-0', 9065.0), ('teastore-recommender-0', 12788.0), ('teastore-registry-0', 4370.0), ('teastore-db-0', 1618.0)]"
knode2,2023-11-13 14:52:00.445561,0,0.3542503705363941,0,948620.0,5,47104.0,"[('teastore-persistence-0', 19263.0), ('teastore-auth-0', 9065.0), ('teastore-recommender-0', 12788.0), ('teastore-registry-0', 4370.0), ('teastore-db-0', 1618.0)]"
knode1,2023-11-13 14:52:10.513479,0,0.4252526755218216,0,473638.0000000001,2,39734.0,"[('teastore-image-0', 11602.0), ('teastore-webui-0', 28132.0)]"
knode2,2023-11-13 14:52:10.513481,0,0.3542503705363941,0,948620.0,5,47104.0,"[('teastore-persistence-0', 19263.0), ('teastore-auth-0', 9065.0), ('teastore-recommender-0', 12788.0), ('teastore-registry-0', 4370.0), ('teastore-db-0', 1618.0)]"
knode1,2023-11-13 14:52:20.586537,0,0.4252526755218216,0,473638.0,2,39734.0,"[('teastore-image-0', 11602.0), ('teastore-webui-0', 28132.0)]"
knode2,2023-11-13 14:52:20.586540,0,0.3547352703958151,0,100292.0,5,53910.0,"[('teastore-persistence-0', 20904.0), ('teastore-auth-0', 10452.0), ('teastore-recommender-0', 16320.0), ('teastore-registry-0', 4767.0), ('teastore-db-0', 1467.0)]"
knode2,2023-11-13 14:52:30.674125,0,0.3547352703958151,0,100292.0,5,53910.0,"[('teastore-persistence-0', 20904.0), ('teastore-auth-0', 10452.0), ('teastore-recommender-0', 16320.0), ('teastore-registry-0', 4767.0), ('teastore-db-0', 1467.0)]"
knode1,2023-11-13 14:52:40.743580,0,0.4252150284629981,0,2566.0,2,37991.0,"[('teastore-image-0', 11074.0), ('teastore-webui-0', 26917.0)]"
knode2,2023-11-13 14:52:40.743582,0,0.3547352703958151,0,100292.0,5,53910.0,"[('teastore-persistence-0', 20904.0), ('teastore-auth-0', 10452.0), ('teastore-recommender-0', 16320.0), ('teastore-registry-0', 4767.0), ('teastore-db-0', 1467.0)]"
knode1,2023-11-13 14:52:50.814944,0,0.4252150284629981,0,2566.0,2,37991.0,"[('teastore-image-0', 11074.0), ('teastore-webui-0', 26917.0)]"
knode2,2023-11-13 14:52:50.814946,0,0.3536880667945547,0,959796.0,5,52018.0,"[('teastore-persistence-0', 12965.0), ('teastore-auth-0', 9803.0), ('teastore-recommender-0', 23085.0), ('teastore-registry-0', 5059.0), ('teastore-db-0', 1106.0)]"
knode2,2023-11-13 14:53:00.880908,0,0.3536880667945547,0,959796.0,5,52018.0,"[('teastore-persistence-0', 12965.0), ('teastore-auth-0', 9803.0), ('teastore-recommender-0', 23085.0), ('teastore-registry-0', 5059.0), ('teastore-db-0', 1106.0)]"
knode1,2023-11-13 14:53:10.947828,0,0.4251210322580645,0,458120.0,2,33215.0,"[('teastore-image-0', 15354.0), ('teastore-webui-0', 17861.0)]"
knode2,2023-11-13 14:53:10.947830,0,0.3536880667945547,0,959796.0,5,52018.0,"[('teastore-persistence-0', 12965.0), ('teastore-auth-0', 9803.0), ('teastore-recommender-0', 23085.0), ('teastore-registry-0', 5059.0), ('teastore-db-0', 1106.0)]"
knode1,2023-11-13 14:53:21.022240,0,0.4251210322580645,0,458120.0,2,33215.0,"[('teastore-image-0', 15354.0), ('teastore-webui-0', 17861.0)]"
knode2,2023-11-13 14:53:21.022242,0,0.3533329340814352,0,97445.99999999999,5,78457.0,"[('teastore-persistence-0', 27765.0), ('teastore-auth-0', 22570.0), ('teastore-recommender-0', 21495.0), ('teastore-registry-0', 5015.0), ('teastore-db-0', 1612.0)]"
knode2,2023-11-13 14:53:31.089800,0,0.3533329340814352,0,97446.0,5,78457.0,"[('teastore-persistence-0', 27765.0), ('teastore-auth-0', 22570.0), ('teastore-recommender-0', 21495.0), ('teastore-registry-0', 5015.0), ('teastore-db-0', 1612.0)]"
knode1,2023-11-13 14:53:41.160578,0,0.4251947476280835,0,9598.0,2,38329.0,"[('teastore-image-0', 15518.0), ('teastore-webui-0', 22811.0)]"
knode2,2023-11-13 14:53:41.160580,0,0.3533329340814352,0,97446.0,5,78457.0,"[('teastore-persistence-0', 27765.0), ('teastore-auth-0', 22570.0), ('teastore-recommender-0', 21495.0), ('teastore-registry-0', 5015.0), ('teastore-db-0', 1612.0)]"
knode1,2023-11-13 14:53:51.237619,0,0.4251947476280835,0,9598.0,2,38329.0,"[('teastore-image-0', 15518.0), ('teastore-webui-0', 22811.0)]"
knode2,2023-11-13 14:53:51.237621,0,0.35282336366188083,0,934088.0,5,49425.0,"[('teastore-persistence-0', 16853.0), ('teastore-auth-0', 14909.0), ('teastore-recommender-0', 10209.0), ('teastore-registry-0', 6158.0), ('teastore-db-0', 1296.0)]"
knode2,2023-11-13 14:54:01.302769,0,0.35282336366188083,0,934088.0,5,49425.0,"[('teastore-persistence-0', 16853.0), ('teastore-auth-0', 14909.0), ('teastore-recommender-0', 10209.0), ('teastore-registry-0', 6158.0), ('teastore-db-0', 1296.0)]"
knode1,2023-11-13 14:54:11.370416,0,0.42518053889943075,0,465824.0,2,30848.0,"[('teastore-image-0', 9717.0), ('teastore-webui-0', 21131.0)]"
knode2,2023-11-13 14:54:11.370418,0,0.35282336366188083,0,934088.0,5,49425.0,"[('teastore-persistence-0', 16853.0), ('teastore-auth-0', 14909.0), ('teastore-recommender-0', 10209.0), ('teastore-registry-0', 6158.0), ('teastore-db-0', 1296.0)]"
knode1,2023-11-13 14:54:21.440530,0,0.42518053889943075,0,465824.0,2,30848.0,"[('teastore-image-0', 9717.0), ('teastore-webui-0', 21131.0)]"
knode2,2023-11-13 14:54:21.440532,0,0.35304249991226533,0,116004.0,5,56745.0,"[('teastore-persistence-0', 18739.0), ('teastore-auth-0', 10606.0), ('teastore-recommender-0', 10783.0), ('teastore-registry-0', 15380.0), ('teastore-db-0', 1237.0)]"
knode2,2023-11-13 14:54:31.508188,0,0.35304249991226533,0,116004.0,5,56745.0,"[('teastore-persistence-0', 18739.0), ('teastore-auth-0', 10606.0), ('teastore-recommender-0', 10783.0), ('teastore-registry-0', 15380.0), ('teastore-db-0', 1237.0)]"
